,x,y,z,clock
0,0.5937238148745658,-2.919362110852253e-05,-6.334975712132822,8.0
1,0.597535783037476,-2.8340064134160252e-05,-6.345824036723125,8.0
2,0.6013446791320853,-2.7496178995802266e-05,-6.356676146096865,8.0
3,0.6051505341563229,-2.6661942873146334e-05,-6.367531982271428,9.0
4,0.6089533788257211,-2.5837329379491337e-05,-6.378391487744069,9.0
5,0.6127532435751037,-2.5022308662011324e-05,-6.3892546054886115,9.0
6,0.6165501585603135,-2.4216847537528135e-05,-6.400121278952191,9.0
7,0.6203441536599609,-2.342090968831132e-05,-6.410991452051989,9.0
8,0.624135258477183,-2.2634455901788984e-05,-6.421865069172005,9.0
9,0.6279235023414135,-2.18574443145336e-05,-6.432742075159833,9.0
10,0.6317089143101655,-2.1089830622711062e-05,-6.44362241532346,9.0
11,0.6354915231708402,-2.0331568241978535e-05,-6.454506035428092,9.0
12,0.6392713574425615,-1.9582608424991917e-05,-6.4653928816929875,9.0
13,0.643048445378036,-1.884290036056561e-05,-6.4762829007883065,9.0
14,0.646822814965433,-1.811239127906224e-05,-6.487176039831976,9.0
15,0.6505944939302764,-1.739102657679491e-05,-6.49807224638658,9.0
16,0.6543635097373413,-1.6678749956687672e-05,-6.508971468456274,9.0
17,0.6581298895925547,-1.597550357180026e-05,-6.5198736544837015,9.0
18,0.6618936604449019,-1.5281228156890453e-05,-6.530778753346936,9.0
19,0.6656548489883402,-1.4595863139662473e-05,-6.541686714356444,9.0
20,0.6694134816637232,-1.3919346732820315e-05,-6.552597487252065,9.0
21,0.6731695846607327,-1.3251616015063762e-05,-6.5635110222000055,9.0
22,0.676923183919818,-1.2592607010544088e-05,-6.574427269789862,9.0
23,0.6806743051341378,-1.1942254772751946e-05,-6.58534618103165,10.0
24,0.6844229737515033,-1.1300493473084978e-05,-6.596267707352871,10.0
25,0.6881692149763181,-1.0667256489797125e-05,-6.607191800595579,10.0
26,0.6919130537715191,-1.0042476491716712e-05,-6.6181184130134705,10.0
27,0.6956545148605173,-9.426085513002874e-06,-6.629047497268997,10.0
28,0.6993936227291374,-8.818015018654778e-06,-6.639979006430496,10.0
29,0.7031304016275578,-8.218195963410507e-06,-6.650912893969333,10.0
30,0.706864875572248,-7.626558847713363e-06,-6.661849113757069,10.0
31,0.7105970683479053,-7.04303377345974e-06,-6.67278762006265,10.0
32,0.7143270035093852,-6.4675505001885395e-06,-6.683728367549608,10.0
33,0.7180547043836277,-5.90003850050268e-06,-6.694671311273276,10.0
34,0.7217801940715777,-5.340427012725921e-06,-6.70561640667803,10.0
35,0.7255034954500972,-4.788645089264043e-06,-6.716563609594535,10.0
36,0.7292246311738767,-4.244621640346206e-06,-6.727512876237022,10.0
37,0.7329436236773383,-3.708285473993921e-06,-6.738464163200596,10.0
38,0.7366604951765314,-3.179565333621934e-06,-6.749417427458522,10.0
39,0.740375267671021,-2.658389934458951e-06,-6.760372626359562,10.0
40,0.7440879629457702,-2.144687999261547e-06,-6.771329717625316,10.0
41,0.7477986025730126,-1.638388293043273e-06,-6.782288659347587,10.0
42,0.7515072079141163,-1.139419656141962e-06,-6.793249409985758,10.0
43,0.7552138001214389,-6.477110350206124e-07,-6.804211928364186,11.0
44,0.7589184001401741,-1.6319151060266738e-07,-6.81517617366962,11.0
45,0.7626210287101877,3.1420967560057843e-07,-6.826142105448631,11.0
46,0.7663217063678457,7.845630970465603e-07,-6.837109683605063,11.0
47,0.770020453447832,1.2479391188965918e-06,-6.848078868397494,11.0
48,0.7737172900849549,1.7044078756625505e-06,-6.8590496204367195,11.0
49,0.7774122362159444,2.1540392497868623e-06,-6.870021900683255,11.0
50,0.7811053115812372,2.596902851361413e-06,-6.880995670444842,11.0
51,0.7847965357267536,3.033067999201747e-06,-6.891970891373994,11.0
52,0.7884859280056612,3.4626037033637787e-06,-6.902947525465536,11.0
53,0.792173507580129,3.885578649014166e-06,-6.913925535054169,11.0
54,0.7958592934230692,4.30206118144842e-06,-6.924904882812049,11.0
55,0.7995433043198672,4.712119292033926e-06,-6.935885531746396,11.0
56,0.8032255588701038,5.1158206049303945e-06,-6.946867445197106,11.0
57,0.8069060754892611,5.513232364548794e-06,-6.9578505868343745,11.0
58,0.8105848724104189,5.90442142379404e-06,-6.968834920656343,11.0
59,0.8142619676859393,6.28945423315508e-06,-6.979820410986767,11.0
60,0.8179373791891397,6.668396830666512e-06,-6.990807022472683,11.0
61,0.8216111246159519,7.0413148327059565e-06,-7.001794720082103,11.0
62,0.8252832214865728,7.408273425540324e-06,-7.012783469101732,11.0
63,0.8289536871470995,7.769337357522097e-06,-7.0237732351346915,12.0
64,0.832622538771154,8.124570931857367e-06,-7.034763984098248,12.0
65,0.8362897933614953,8.474037999911254e-06,-7.0457556822215714,12.0
66,0.8399554677516202,8.81780195504788e-06,-7.056748296043509,12.0
67,0.843619578607351,9.15592572701808e-06,-7.067741792410362,12.0
68,0.8472821424284113,9.488471776897836e-06,-7.078736138473693,12.0
69,0.8509431755499888,9.815502092556964e-06,-7.089731301688138,12.0
70,0.8546026941442868,1.0137078184620206e-05,-7.100727249809232,12.0
71,0.8582607142220627,1.0453261082870771e-05,-7.111723950891252,12.0
72,0.8619172516341557,1.0764111333058392e-05,-7.122721373285079,12.0
73,0.8655723220730013,1.1069688994085035e-05,-7.133719485636064,12.0
74,0.8692259410741328,1.1370053635556335e-05,-7.144718256881921,12.0
75,0.8728781240176708,1.166526433569198e-05,-7.155717656250625,12.0
76,0.8765288861298026,1.1955379679588621e-05,-7.166717653258325,12.0
77,0.880178242484246,1.2240457757822514e-05,-7.1777182177072785,12.0
78,0.8838262080037046,1.2520556165369368e-05,-7.188719319683788,12.0
79,0.8874727974613085,1.2795732000817108e-05,-7.1997209295561575,12.0
80,0.8911180254820426,1.3066041865848377e-05,-7.2107230179726685,12.0
81,0.8947619065441647,1.3331541864974608e-05,-7.221725555859556,12.0
82,0.8984044549806111,1.35922876055102e-05,-7.232728514419013,12.0
83,0.9020456849803897,1.3848334197776698e-05,-7.243731865127197,13.0
84,0.9056856105899611,1.4099736255529659e-05,-7.254735579732253,13.0
85,0.909324245714609,1.434654789659775e-05,-7.265739630252355,13.0
86,0.9129616041197975,1.45888227437222e-05,-7.276743988973754,13.0
87,0.9165976994325161,1.4826613925583156e-05,-7.287748628448832,13.0
88,0.9202325451426149,1.5059974077999671e-05,-7.29875352149419,13.0
89,0.9238661546041281,1.5288955345291723e-05,-7.309758641188738,13.0
90,0.9274985410365846,1.5513609381793506e-05,-7.320763960871798,13.0
91,0.9311297175263068,1.5733987353510837e-05,-7.3317694541412095,13.0
92,0.9347596970276995,1.595013993991911e-05,-7.342775094851466,13.0
93,0.9383884923645242,1.6162117335891954e-05,-7.353780857111848,13.0
94,0.9420161162311673,1.6369969253753784e-05,-7.364786715284576,13.0
95,0.9456425811938939,1.6573744925447924e-05,-7.375792643982974,13.0
96,0.9492678996920892,1.6773493104811754e-05,-7.386798618069648,13.0
97,0.9528920840394908,1.6969262069950105e-05,-7.3978046126546735,13.0
98,0.9565151464254091,1.716109962570155e-05,-7.4088106030938015,13.0
99,0.9601370989159373,1.7349053106192423e-05,-7.419816564986665,13.0
100,0.9637579534551509,1.7533169377471517e-05,-7.430822474175007,13.0
101,0.9673777218662941,1.7713494840221833e-05,-7.4418283067409075,13.0
102,0.9709964158529578,1.7890075432544427e-05,-7.452834039005047,13.0
103,0.9746140470002452,1.8062956632808136e-05,-7.4638396475249635,14.0
104,0.9782306267759285,1.8232183462559016e-05,-7.474845109093312,14.0
105,0.9818461665315924,1.8397800489486163e-05,-7.485850400736158,14.0
106,0.9854606775037695,1.8559851830438973e-05,-7.496855499711266,14.0
107,0.989074170815067,1.871838115449062e-05,-7.507860383506413,14.0
108,0.9926866574752778,1.887343168604483e-05,-7.518865029837693,14.0
109,0.9962981483824852,1.902504620798392e-05,-7.529869416647858,14.0
110,0.999908654324156,1.9173267064852466e-05,-7.54087352210465,14.0
111,1.003518185978223,1.9318136166073822e-05,-7.551877324599151,14.0
112,1.007126753914159,1.945969498919635e-05,-7.562880802744146,14.0
113,1.010734368594042,1.9597984583166752e-05,-7.573883935372489,14.0
114,1.0143410403736046,1.9733045571627044e-05,-7.5848867015354955,14.0
115,1.0179467795032817,1.9864918156231276e-05,-7.595889080501324,14.0
116,1.0215515961292418,1.9993642119980353e-05,-7.606891051753393,14.0
117,1.0251555002944128,2.011925683057358e-05,-7.617892594988781,14.0
118,1.0287585019394965,2.0241801243773537e-05,-7.628893690116657,14.0
119,1.0323606109039727,2.0361313906782272e-05,-7.639894317256719,14.0
120,1.0359618369270953,2.0477832961625876e-05,-7.650894456737637,14.0
121,1.03956218964888,2.0591396148546272e-05,-7.6618940890955125,14.0
122,1.0431616786110791,2.0702040809398456e-05,-7.672893195072342,14.0
123,1.046760313258152,2.0809803891051152e-05,-7.683891755614492,15.0
124,1.0503581029382227,2.0914721948789084e-05,-7.694889751871181,15.0
125,1.053955056904029,2.1016831149714012e-05,-7.705887165192987,15.0
126,1.0575511843138645,2.1116167276144324e-05,-7.716883977130344,15.0
127,1.06114649423251,2.1212765729011614e-05,-7.727880169432055,15.0
128,1.0647409956321547,2.1306661531253735e-05,-7.738875724043827,15.0
129,1.068334697393312,2.139788933120157e-05,-7.749870623106803,15.0
130,1.0719276083057265,2.148648340595865e-05,-7.760864848956099,15.0
131,1.0755197370692693,2.157247766477246e-05,-7.771858384119373,15.0
132,1.0791110922948277,2.165590565239613e-05,-7.782851211315381,15.0
133,1.082701682505184,2.17368005524394e-05,-7.793843313452546,15.0
134,1.0862915161358881,2.1815195190708544e-05,-7.804834673627549,15.0
135,1.0898806015361198,2.1891122038534322e-05,-7.815825275123916,15.0
136,1.0934689469695444,2.1964613216086686e-05,-7.826815101410622,15.0
137,1.0970565606151603,2.2035700495676555e-05,-7.837804136140701,15.0
138,1.1006434505681364,2.2104415305043038e-05,-7.848792363149864,15.0
139,1.1042296248406445,2.2170788730624235e-05,-7.859779766455127,15.0
140,1.1078150913626816,2.223485152081204e-05,-7.870766330253456,15.0
141,1.1113998579828854,2.229663408918976e-05,-7.8817520389204105,15.0
142,1.1149839324693405,2.2356166517752804e-05,-7.892736877008788,15.0
143,1.1185673225103758,2.2413478560112142e-05,-7.903720829247293,16.0
144,1.1221500357153589,2.2468599644679952e-05,-7.914703880539226,16.0
145,1.1257320796154802,2.252155887783599e-05,-7.925686015961148,16.0
146,1.1293134616645293,2.257238504707448e-05,-7.936667220761578,16.0
147,1.1328941892396642,2.26211066241303e-05,-7.947647480359688,16.0
148,1.1364742696421724,2.2667751768086244e-05,-7.958626780344013,16.0
149,1.140053710098224,2.271234832845987e-05,-7.969605106471162,16.0
150,1.143632517759621,2.2754923848270135e-05,-7.980582444664554,16.0
151,1.1472106997045375,2.2795505567083018e-05,-7.991558781013148,16.0
152,1.1507882629382513,2.2834120424035515e-05,-8.00253410177017,16.0
153,1.154365214393869,2.2870795060836974e-05,-8.013508393351875,16.0
154,1.157941560933046,2.290555582474941e-05,-8.024481642336303,16.0
155,1.161517309346696,2.2938428771546567e-05,-8.035453835462047,16.0
156,1.1650924663556976,2.2969439668451325e-05,-8.046424959627013,16.0
157,1.1686670386115925,2.29986139970496e-05,-8.057395001887214,16.0
158,1.1722410326972763,2.3025976956182328e-05,-8.06836394945556,16.0
159,1.175814455127683,2.3051553464814445e-05,-8.07933178970066,16.0
160,1.1793873123504617,2.3075368164880206e-05,-8.09029851014562,16.0
161,1.1829596107466485,2.309744542410644e-05,-8.10126409846685,16.0
162,1.1865313566313318,2.311780933881338e-05,-8.112228542492879,16.0
163,1.1901025562543113,2.3136483736694632e-05,-8.123191830203217,17.0
164,1.1936732158007497,2.3153492179572194e-05,-8.134153949727171,17.0
165,1.197243341391817,2.3168857966127945e-05,-8.145114889342684,17.0
166,1.2008129390853306,2.3182604134611796e-05,-8.156074637475193,17.0
167,1.2043820148763873,2.3194753465526555e-05,-8.167033182696487,17.0
168,1.2079505746979926,2.3205328484290372e-05,-8.177990513723572,17.0
169,1.2115186244216802,2.321435146387747e-05,-8.188946619417548,17.0
170,1.2150861698581268,2.3221844427435077e-05,-8.1999014887825,17.0
171,1.2186532167577606,2.3227829150877172e-05,-8.210855110964363,17.0
172,1.2222197708113647,2.323232716545498e-05,-8.221807475249841,17.0
173,1.2257858376506734,2.3235359760303918e-05,-8.232758571065297,17.0
174,1.229351422848963,2.323694798496813e-05,-8.243708387975664,17.0
175,1.232916531921637,2.3237112651902842e-05,-8.254656915683368,17.0
176,1.236481170326808,2.3235874338953256e-05,-8.265604144027252,17.0
177,1.2400453434658705,2.3233253391811605e-05,-8.27655006298151,17.0
178,1.2436090566840692,2.3229269926449384e-05,-8.287494662654616,17.0
179,1.247172315271062,2.3223943831528396e-05,-8.298437933288284,17.0
180,1.2507351244614755,2.3217294770789834e-05,-8.309379865256403,17.0
181,1.2542974894354593,2.3209342185421075e-05,-8.320320449064011,17.0
182,1.257859415319232,2.3200105296399734e-05,-8.331259675346264,17.0
183,1.26142090718562,2.3189603106815182e-05,-8.342197534867388,18.0
184,1.2649819700545963,2.317785440416799e-05,-8.353134018519691,18.0
185,1.26854260889381,2.3164877762648736e-05,-8.364069117322511,18.0
186,1.2721028286191114,2.3150691545393795e-05,-8.375002822421232,18.0
187,1.2756626340950714,2.313531390671946e-05,-8.385935125086293,18.0
188,1.2792220301354997,2.311876279433439e-05,-8.396866016712186,18.0
189,1.2827810215039517,2.3101055951530367e-05,-8.407795488816465,18.0
190,1.286339612914235,2.3082210919351205e-05,-8.418723533038765,18.0
191,1.289897809030908,2.3062245038741404e-05,-8.429650141139817,18.0
192,1.293455614469775,2.3041175452675028e-05,-8.440575305000491,18.0
193,1.2970130337983794,2.3019019108263492e-05,-8.451499016620845,18.0
194,1.3005700715364865,2.2995792758841455e-05,-8.462421268119172,18.0
195,1.3041267321565657,2.297151296603131e-05,-8.473342051731027,18.0
196,1.3076830200842664,2.2946196101786597e-05,-8.4842613598083,18.0
197,1.3112389396988886,2.29198583504154e-05,-8.495179184818284,18.0
198,1.3147944953338482,2.2892515710583992e-05,-8.506095519342725,18.0
199,1.31834969127714,2.2864183997301634e-05,-8.517010356076915,18.0
200,1.3219045317717981,2.283487884388584e-05,-8.52792368782878,18.0
201,1.3254590210163473,2.2804615703906666e-05,-8.538835507517962,18.0
202,1.3290131631652495,2.2773409853111153e-05,-8.549745808174897,18.0
203,1.3325669623293508,2.2741276391328164e-05,-8.560654582939936,19.0
204,1.3361204225763186,2.270823024435348e-05,-8.571561825062444,19.0
205,1.3396735479310782,2.267428616581593e-05,-8.582467527899897,19.0
206,1.3432263423762445,2.2639458739025253e-05,-8.593371684917035,19.0
207,1.3467788098525475,2.2603762378800884e-05,-8.604274289684957,19.0
208,1.3503309542592565,2.2567211333281423e-05,-8.61517533588026,19.0
209,1.3538827794545987,2.2529819685715815e-05,-8.626074817284177,19.0
210,1.3574342892561715,2.249160135623691e-05,-8.636972727781709,19.0
211,1.3609854874413543,2.2452570103616474e-05,-8.64786906136077,19.0
212,1.3645363777477144,2.2412739527002083e-05,-8.658763812111353,19.0
213,1.3680869638734088,2.2372123067635034e-05,-8.669656974224676,19.0
214,1.3716372494775841,2.233073401055093e-05,-8.68054854199236,19.0
215,1.3751872381807704,2.228858548626226e-05,-8.691438509805591,19.0
216,1.3787369335652693,2.2245690472423806e-05,-8.702326872154279,19.0
217,1.3822863391755413,2.220206179548065e-05,-8.713213623626244,19.0
218,1.3858354585185897,2.2157712132300562e-05,-8.72409875890642,19.0
219,1.3893842950643398,2.2112654011788334e-05,-8.734982272776035,19.0
220,1.392932852246014,2.2066899816483008e-05,-8.74586416011181,19.0
221,1.3964811334605018,2.2020461784137407e-05,-8.756744415885148,19.0
222,1.4000291420687274,2.197335200928155e-05,-8.76762303516136,19.0
223,1.4035768813960134,2.192558244477013e-05,-8.778500013098858,20.0
224,1.4071243547324455,2.1877164903314705e-05,-8.789375344948384,20.0
225,1.4106715653332247,2.182811105900025e-05,-8.800249026052233,20.0
226,1.4142185164190249,2.177843244878415e-05,-8.81112105184348,20.0
227,1.4177652111763417,2.1728140473978552e-05,-8.821991417845227,20.0
228,1.4213116527578362,2.167724640171672e-05,-8.832860119669816,20.0
229,1.4248578442826785,2.1625761366404978e-05,-8.843727153018067,20.0
230,1.428403788836889,2.157369637116021e-05,-8.854592513678549,20.0
231,1.4319494894736742,2.1521062289233155e-05,-8.865456197526825,20.0
232,1.4354949492137599,2.1467869865415263e-05,-8.876318200524718,20.0
233,1.439040171045721,2.1414129717429522e-05,-8.887178518719569,20.0
234,1.442585157926307,2.1359852337306918e-05,-8.898037148243503,20.0
235,1.446129912780762,2.1305048092747338e-05,-8.908894085312689,20.0
236,1.4496744385031495,2.1249727228467152e-05,-8.919749326226643,20.0
237,1.453218737956667,2.1193899867533294e-05,-8.930602867367503,20.0
238,1.456762813973962,2.1137576012682245e-05,-8.941454705199307,20.0
239,1.4603066693574394,2.1080765547625307e-05,-8.952304836267299,20.0
240,1.4638503068795714,2.102347823833915e-05,-8.963153257197213,20.0
241,1.4673937292831993,2.0965723734343448e-05,-8.973999964694586,20.0
242,1.470936939281835,2.0907511569964434e-05,-8.984844955544052,20.0
243,1.4744799395599595,2.084885116558524e-05,-8.99568822660866,21.0
244,1.4780227327733195,2.0789751828882872e-05,-9.006529774829202,21.0
245,1.4815653215492206,2.073022275605114e-05,-9.017369597223517,21.0
246,1.4851077084868134,2.067027303301086e-05,-9.028207690885825,21.0
247,1.4886498961573802,2.0609911636606667e-05,-9.039044052986052,21.0
248,1.4921918871046216,2.05491474357911e-05,-9.049878680769172,21.0
249,1.4957336838449355,2.048798919279669e-05,-9.06071157155453,21.0
250,1.4992752888676972,2.042644556429583e-05,-9.071542722735204,21.0
251,1.5028167046355345,2.036452510254778e-05,-9.082372131777346,21.0
252,1.5063579335845978,2.03022362565328e-05,-9.093199796219533,21.0
253,1.5098989781248302,2.0239587373073876e-05,-9.104025713672108,21.0
254,1.5134398406402358,2.017658669794732e-05,-9.114849881816555,21.0
255,1.5169805234891447,2.011324237698071e-05,-9.125672298404869,21.0
256,1.5205210290044746,2.004956245713858e-05,-9.136492961258925,21.0
257,1.5240613594939905,1.9985554887597062e-05,-9.147311868269846,21.0
258,1.5276015172405608,1.9921227520806016e-05,-9.158129017397394,21.0
259,1.5311415044567902,1.985709778310149e-05,-9.168944408910523,21.0
260,1.5346813233576615,1.9793491421185942e-05,-9.179758041748945,21.0
261,1.5382209761963694,1.9729931894481524e-05,-9.190569911672247,21.0
262,1.5417604651682895,1.9666114168884007e-05,-9.201380015918915,21.0
263,1.545299792428374,1.9601824977234442e-05,-9.212188352420869,22.0
264,1.5488389601050643,1.9536954466600087e-05,-9.222994919453766,22.0
265,1.5523779703118843,1.9471504565515285e-05,-9.233799715474746,22.0
266,1.5559168251528641,1.9405561178186543e-05,-9.244602739047775,22.0
267,1.5594555267197159,1.933923892920522e-05,-9.255403988809952,22.0
268,1.5629940770830226,1.9272626592825248e-05,-9.266203463456964,22.0
269,1.5665324782828012,1.9205758245284966e-05,-9.27700116173754,22.0
270,1.5700707323236365,1.913861821308992e-05,-9.28779708245191,22.0
271,1.5736088411765914,1.9071169665155366e-05,-9.298591224451869,22.0
272,1.5771468067862846,1.9003387176149598e-05,-9.30938358664125,22.0
273,1.580684631079097,1.8935275917997886e-05,-9.32017416797642,22.0
274,1.584222315968478,1.8866870671430317e-05,-9.330962967466622,22.0
275,1.5877598633554149,1.879821953048151e-05,-9.341749984174267,22.0
276,1.591297275124824,1.872936386166464e-05,-9.352535217215223,22.0
277,1.59483455314048,1.866032547758909e-05,-9.363318665759078,22.0
278,1.598371699241297,1.8591105973217007e-05,-9.37410032902936,22.0
279,1.6019087152405582,1.852169596015042e-05,-9.384880206303674,22.0
280,1.6054456029279212,1.845208742511328e-05,-9.395658296913599,22.0
281,1.608982364072732,1.838228232680013e-05,-9.406434600244483,22.0
282,1.6125190004268366,1.831229393616822e-05,-9.417209115735115,22.0
283,1.6160555137257415,1.8242141848393358e-05,-9.427981842877346,23.0
284,1.619591905688048,1.8171844591937714e-05,-9.43875278121574,23.0
285,1.623128178013945,1.810141412517824e-05,-9.449521930347263,23.0
286,1.6266643323838563,1.803085462850808e-05,-9.460289289920963,23.0
287,1.6302003704580017,1.796016530702129e-05,-9.471054859637634,23.0
288,1.6337362938770035,1.7889344951663175e-05,-9.48181863924945,23.0
289,1.6372721042631202,1.781839560210902e-05,-9.49258062855952,23.0
290,1.6408078032214495,1.7747323679216935e-05,-9.503340827421427,23.0
291,1.6443433923406026,1.7676138582179713e-05,-9.514099235738774,23.0
292,1.6478788731927225,1.7604850023274935e-05,-9.524855853464695,23.0
293,1.651414247333076,1.7533465731673374e-05,-9.535610680601454,23.0
294,1.654949516299602,1.746199061498882e-05,-9.546363717200004,23.0
295,1.6584846816127405,1.7390427492456935e-05,-9.557114963359531,23.0
296,1.6620197447756502,1.731877869276892e-05,-9.567864419227039,23.0
297,1.6655547072747,1.724704752400767e-05,-9.578612084996895,23.0
298,1.6690895705800022,1.7175238901216007e-05,-9.589357960910357,23.0
299,1.6726243361457898,1.7103358996359084e-05,-9.600102047255117,23.0
300,1.6761590054105548,1.7031414297984638e-05,-9.610844344364851,23.0
301,1.6796935797970096,1.6959410681971826e-05,-9.621584852618751,23.0
302,1.683228060712001,1.6887352958942485e-05,-9.632323572441079,23.0
303,1.6867624495465159,1.6815245022478527e-05,-9.643060504300742,24.0
304,1.6902967476758273,1.674309039217498e-05,-9.653795648710828,24.0
305,1.6938309564597571,1.667089279103004e-05,-9.664529006228193,24.0
306,1.6973650772429758,1.659865645773582e-05,-9.675260577453006,24.0
307,1.7008991113552545,1.652638609354183e-05,-9.68599036302831,24.0
308,1.7044330601116344,1.6454086550018934e-05,-9.696718363639562,24.0
309,1.707966924812522,1.6381762472204096e-05,-9.707444580014217,24.0
310,1.7115007067437524,1.6309418087932814e-05,-9.7181690129213,24.0
311,1.7150344071766779,1.6237057219161125e-05,-9.72889166317096,24.0
312,1.7185680273683046,1.616468346261674e-05,-9.739612531614076,24.0
313,1.7221015685614742,1.6092300413015208e-05,-9.750331619141821,24.0
314,1.7256350319850593,1.6019911808011836e-05,-9.761048926685238,24.0
315,1.7291684188541556,1.5947521539711444e-05,-9.771764455214836,24.0
316,1.7327017303702383,1.5875133556845287e-05,-9.782478205740164,24.0
317,1.7362349677212843,1.5802751731647954e-05,-9.793190179309399,24.0
318,1.7397681320818847,1.5730379767170436e-05,-9.803900377008944,24.0
319,1.7433012246133557,1.5658021183835808e-05,-9.814608799963027,24.0
320,1.7468342464638662,1.558567937550423e-05,-9.825315449333303,24.0
321,1.7503671987685812,1.5513357692211305e-05,-9.83602032631844,24.0
322,1.7539000826498143,1.544105950245762e-05,-9.846723432153722,24.0
323,1.757432899217179,1.536878820838724e-05,-9.857424768110672,25.0
324,1.7609656495677293,1.5296547216705967e-05,-9.868124335496661,25.0
325,1.7644983347860834,1.5224339889886595e-05,-9.878822135654518,25.0
326,1.7680309559445415,1.5152169506820831e-05,-9.889518169962138,25.0
327,1.7715635141032038,1.5080039250968784e-05,-9.9002124398321,25.0
328,1.7750960103100903,1.5007952226245e-05,-9.91090494671129,25.0
329,1.7786284456012686,1.4935911486812778e-05,-9.92159569208053,25.0
330,1.7821608210009827,1.4863920062925549e-05,-9.932284677454193,25.0
331,1.7856931375217853,1.4791980970824338e-05,-9.942971904379847,25.0
332,1.7892253961646605,1.4720097205359411e-05,-9.953657374437872,25.0
333,1.7927575979191464,1.4648271723028209e-05,-9.964341089241108,25.0
334,1.7962897437634495,1.4576507426307311e-05,-9.975023050434485,25.0
335,1.7998218346645576,1.4504807157153975e-05,-9.985703259694663,25.0
336,1.803353871578353,1.4433173701222653e-05,-9.996381718729678,25.0
337,1.8068858554497296,1.4361609798597885e-05,-10.007058429278572,25.0
338,1.810417787212709,1.4290118154466812e-05,-10.017733393111063,25.0
339,1.8139496677905593,1.4218701444607436e-05,-10.028406612027176,25.0
340,1.8174814980959069,1.4147362314298757e-05,-10.039078087856918,25.0
341,1.8210132790308478,1.4076103372880001e-05,-10.049747822459915,25.0
342,1.8245450114870565,1.4004927187898209e-05,-10.06041581772507,25.0
343,1.828076696345892,1.393383628213496e-05,-10.071082075570228,26.0
344,1.8316083344785055,1.3862833134629162e-05,-10.081746597941839,26.0
345,1.8351399267459496,1.379192018454673e-05,-10.092409386814634,26.0
346,1.838671473999282,1.3721099835551833e-05,-10.103070444191285,26.0
347,1.8422029770796708,1.3650374458583954e-05,-10.11372977210207,26.0
348,1.8457344368184998,1.35797463921987e-05,-10.124387372604552,26.0
349,1.849265854037468,1.3509217941038276e-05,-10.13504324778325,26.0
350,1.8527972295486939,1.3438791373814333e-05,-10.145697399749322,26.0
351,1.8563285641548155,1.336846892212898e-05,-10.156349830640247,26.0
352,1.8598598586490882,1.3298252780746214e-05,-10.1670005426195,26.0
353,1.8633911138154808,1.3228145109056899e-05,-10.177649537876235,26.0
354,1.8669223304287745,1.3158148032929297e-05,-10.188296818624982,26.0
355,1.8704535092546597,1.3088263646116017e-05,-10.19894238710534,26.0
356,1.8739846510498306,1.3018494010788805e-05,-10.209586245581653,26.0
357,1.8775157565620826,1.2948841157305336e-05,-10.22022839634272,26.0
358,1.8810468265304048,1.2879307083675333e-05,-10.230868841701485,26.0
359,1.8845778616850692,1.280989375524114e-05,-10.241507583994734,26.0
360,1.8881088627477254,1.2740603104868345e-05,-10.252144625582815,26.0
361,1.8916398304314896,1.267143703361795e-05,-10.262779968849323,26.0
362,1.8951707654410335,1.2602397411632598e-05,-10.273413616200802,26.0
363,1.8987016684726747,1.2533486078917785e-05,-10.284045570066477,27.0
364,1.9022325402144662,1.2464704845819326e-05,-10.294675832897939,27.0
365,1.9057633813462793,1.239605549319362e-05,-10.305304407168867,27.0
366,1.9092941925398939,1.2327539772420995e-05,-10.315931295374746,27.0
367,1.9128249744590793,1.2259159405457515e-05,-10.326556500032583,27.0
368,1.9163557277596805,1.2190916085056815e-05,-10.337180023680622,27.0
369,1.919886453089705,1.2122811475176675e-05,-10.347801868878076,27.0
370,1.9234171510894016,1.2054847211487764e-05,-10.358422038204843,27.0
371,1.9269478223913403,1.1987024901864883e-05,-10.36904053426123,27.0
372,1.930478467620499,1.1919346126776477e-05,-10.379657359667677,27.0
373,1.934009087394339,1.1851812439553293e-05,-10.390272517064494,27.0
374,1.937539682322886,1.178442536658151e-05,-10.400886009111597,27.0
375,1.9410702530088122,1.1717186407492376e-05,-10.411497838488236,27.0
376,1.9446008000475072,1.1650097035405222e-05,-10.42210800789274,27.0
377,1.9481313240271596,1.1583158697238817e-05,-10.432716520042247,27.0
378,1.9516618255288312,1.1516372814066571e-05,-10.443323377672439,27.0
379,1.9551923051265323,1.1449740781473142e-05,-10.453928583537296,27.0
380,1.9587227633872977,1.138326396987728e-05,-10.464532140408835,27.0
381,1.9622532008712605,1.1316943724808454e-05,-10.475134051076848,27.0
382,1.9657836181317243,1.125078136714907e-05,-10.485734318348674,27.0
383,1.9693140157152382,1.1184778193367242e-05,-10.496332945048938,28.0
384,1.972844394161665,1.1118935475764207e-05,-10.506929934019288,28.0
385,1.9763747540042509,1.1053254462744638e-05,-10.517525288118165,28.0
386,1.9799050957696986,1.0987736379104898e-05,-10.528119010220552,28.0
387,1.9834354199782385,1.0922382426323805e-05,-10.538711103217741,28.0
388,1.9869657271436951,1.085719378284148e-05,-10.549301570017096,28.0
389,1.990496017773552,1.0792171604319384e-05,-10.559890413541787,28.0
390,1.9940262923690228,1.0727317023885023e-05,-10.570477636730587,28.0
391,1.9975565514251188,1.0662631152370302e-05,-10.58106324253763,28.0
392,2.0010867954307145,1.0598115078550588e-05,-10.59164723393216,28.0
393,2.0046170248686113,1.0533769869389751e-05,-10.602229613898333,28.0
394,2.008147240215604,1.0469596570291028e-05,-10.61281038543496,28.0
395,2.0116774419425414,1.0405596205349103e-05,-10.623389551555299,28.0
396,2.015207630514394,1.0341769777599056e-05,-10.633967115286817,28.0
397,2.0187378063903134,1.0278118269256763e-05,-10.644543079670962,28.0
398,2.022267970023695,1.0214642641951599e-05,-10.655117447762956,28.0
399,2.0257981218622425,1.0151343836954212e-05,-10.66569022263158,28.0
400,2.029328262348026,1.0088222775400851e-05,-10.676261407358949,28.0
401,2.03285839191754,1.0025280358517878e-05,-10.686831005040283,28.0
402,2.0363885110017645,9.962517467848762e-06,-10.697399018783713,28.0
403,2.0399186200262265,9.899934965481253e-06,-10.707965451710047,29.0
404,2.043448719411056,9.837533694272074e-06,-10.718530306952575,29.0
405,2.0469788095710495,9.775314478067387e-06,-10.729093587656857,29.0
406,2.0505088909157165,9.713278121918562e-06,-10.739655296980523,29.0
407,2.054038963849343,9.651425412293579e-06,-10.75021543809305,29.0
408,2.0575690287710464,9.589757117285959e-06,-10.760774014175572,29.0
409,2.0610990860748295,9.5282739868236e-06,-10.771331028420676,29.0
410,2.064629136149637,9.466976752875955e-06,-10.78188648403219,29.0
411,2.0681591793794114,9.405866129661215e-06,-10.792440384224998,29.0
412,2.0716892161431457,9.34494281385104e-06,-10.802992732224846,29.0
413,2.0752192468149326,9.284207484772383e-06,-10.813543531268135,29.0
414,2.078749271764022,9.223660804605621e-06,-10.82409278460173,29.0
415,2.0822792913548724,9.163303418580734e-06,-10.834640495482764,29.0
416,2.0858093059471994,9.103135955171997e-06,-10.845186667178453,29.0
417,2.089339315896032,9.043159026290225e-06,-10.855731302965905,29.0
418,2.0928693215517566,8.983373227474168e-06,-10.86627440613194,29.0
419,2.0963993232601723,8.923779138079427e-06,-10.876815979972887,29.0
420,2.0999293213625365,8.864377321465048e-06,-10.887356027794414,29.0
421,2.103459316195619,8.805168325179261e-06,-10.897894552911334,29.0
422,2.1069893080917463,8.746152681142927e-06,-10.90843155864743,29.0
423,2.1105192973788527,8.687330905830742e-06,-10.91896704833529,30.0
424,2.1140492843805223,8.628703500450082e-06,-10.929501025316103,30.0
425,2.1175792694160416,8.570270951117636e-06,-10.940033492939493,30.0
426,2.121109252800444,8.512033729034447e-06,-10.950564454563342,30.0
427,2.124639234844555,8.453992290660166e-06,-10.96109391355361,30.0
428,2.1281692158550394,8.396147077886802e-06,-10.971621873284178,30.0
429,2.131699196134447,8.338498518209466e-06,-10.982148337136685,30.0
430,2.1352291759812565,8.281047024894057e-06,-10.99267330850033,30.0
431,2.1387591556899177,8.223792997143029e-06,-11.003196790771716,30.0
432,2.1422891355508966,8.16673682026031e-06,-11.013718787354684,30.0
433,2.1458191158507183,8.109878865815596e-06,-11.024239301660156,30.0
434,2.1493490968720117,8.053219491806406e-06,-11.034758337105961,30.0
435,2.152879078893552,7.996759042818565e-06,-11.045275897116683,30.0
436,2.1564090621903014,7.94049785018491e-06,-11.055791985123482,30.0
437,2.1599390470334496,7.884436232141902e-06,-11.066306604563957,30.0
438,2.1634690336904554,7.828574493984635e-06,-11.07681975888197,30.0
439,2.1669990224250877,7.772912928219996e-06,-11.0873314515275,30.0
440,2.170529013497466,7.717451814718762e-06,-11.097841685956482,30.0
441,2.174059007164103,7.662191420866829e-06,-11.108350465630654,30.0
442,2.177589003677942,7.607132001714706e-06,-11.118857794017407,30.0
443,2.1811190032883947,7.552273800125171e-06,-11.129363674589635,31.0
444,2.184649006241381,7.497617046919128e-06,-11.139868110825585,31.0
445,2.1881790127793654,7.443161961019607e-06,-11.150371106208704,31.0
446,2.191709023141397,7.388908749595049e-06,-11.160872664227497,31.0
447,2.1952390375631468,7.334857608200684e-06,-11.17137278837538,31.0
448,2.198769056276944,7.281008720918298e-06,-11.181871482150529,31.0
449,2.2022990795118145,7.22736226049506e-06,-11.192368749055728,31.0
450,2.2058291074935137,7.173918388481646e-06,-11.202864592598255,31.0
451,2.209359140444565,7.120677255368955e-06,-11.213359016289713,31.0
452,2.2128891785842937,7.067639000723495e-06,-11.223852023645914,31.0
453,2.216419222128869,7.014803753319567e-06,-11.234343618186742,31.0
454,2.21994927129133,6.962171631269864e-06,-11.244833803435997,31.0
455,2.2234793262816233,6.909742742155402e-06,-11.255322582921261,31.0
456,2.2270093873066386,6.857517183154834e-06,-11.265809960173787,31.0
457,2.230539454570239,6.805495041172842e-06,-11.276295938728326,31.0
458,2.234069528273299,6.753676392968105e-06,-11.28678052212303,31.0
459,2.2375996086137344,6.7020613052800624e-06,-11.2972637138993,31.0
460,2.241129695786536,6.6506498349530675e-06,-11.307745517601665,31.0
461,2.2446597899838023,6.599442029059006e-06,-11.31822593677766,31.0
462,2.248189891394771,6.548437925017192e-06,-11.328704974977684,31.0
463,2.2517200002058506,6.497637550714147e-06,-11.33918263575489,32.0
464,2.2552501166006556,6.447040924622486e-06,-11.34965892266505,32.0
465,2.2587802407600326,6.396648055918719e-06,-11.360133839266432,32.0
466,2.2623103728620926,6.346458944600665e-06,-11.37060738911968,32.0
467,2.2658405130822437,6.296473581604358e-06,-11.381079575787693,32.0
468,2.2693706615932165,6.246691948919283e-06,-11.391550402835493,32.0
469,2.2729008185650974,6.197114019701352e-06,-11.402019873830113,32.0
470,2.276430984165358,6.147739758384825e-06,-11.412487992340486,32.0
471,2.279961158558885,6.098569120793121e-06,-11.42295476193733,32.0
472,2.2834913419080065,6.049602054247595e-06,-11.433420186193018,32.0
473,2.2870215343725233,6.00083849767614e-06,-11.443884268681472,32.0
474,2.2905517361097334,5.952278381721123e-06,-11.454347012978042,32.0
475,2.2940819472744662,5.903921628846714e-06,-11.464808422659395,32.0
476,2.2976121680191053,5.855768153445322e-06,-11.475268501303418,32.0
477,2.3011423984936186,5.807817861942318e-06,-11.4857272524891,32.0
478,2.304672638845581,5.760070652898628e-06,-11.496184679796407,32.0
479,2.308202889220209,5.71252641711246e-06,-11.506640786806194,32.0
480,2.311733149760383,5.665185037720607e-06,-11.517095577100104,32.0
481,2.3152634206066707,5.618046390298795e-06,-11.527549054260422,32.0
482,2.3187937018973552,5.571110342961486e-06,-11.538001221870006,32.0
483,2.322323993768461,5.524376756461003e-06,-11.54845208351216,33.0
484,2.3258542963537856,5.477845484285638e-06,-11.558901642770548,33.0
485,2.329384609784916,5.431516372756058e-06,-11.569349903229092,33.0
486,2.332914934191258,5.3853892611201695e-06,-11.579796868471856,33.0
487,2.3364452697000573,5.339463981646852e-06,-11.590242542082953,33.0
488,2.3399756164364285,5.293740359719181e-06,-11.600686927646452,33.0
489,2.3435059745233784,5.2482182139269335e-06,-11.611130028746281,33.0
490,2.3470363440818294,5.2028973561576234e-06,-11.621571848966113,33.0
491,2.350566725230643,5.15777759168773e-06,-11.63201239188928,33.0
492,2.3540971180866417,5.112858719274179e-06,-11.642451661098686,33.0
493,2.357627522764636,5.068140531243493e-06,-11.6528896601767,33.0
494,2.3611579393774433,5.023622813579849e-06,-11.663326392705061,33.0
495,2.364688368035913,4.97930534601191e-06,-11.6737618622648,33.0
496,2.3682188088489458,4.935187902098308e-06,-11.684196072436126,33.0
497,2.3717492619235228,4.891270249313278e-06,-11.69462902679836,33.0
498,2.3752797273647235,4.847552149131285e-06,-11.705060728929833,33.0
499,2.3788102052757454,4.804033357110775e-06,-11.715491182407806,33.0
500,2.382340695757931,4.76071362297651e-06,-11.725920390808358,33.0
501,2.3858711989107837,4.717592690702317e-06,-11.736348357706323,33.0
502,2.3894017148319917,4.674670298592805e-06,-11.746775086675196,33.0
503,2.392932243617448,4.631946179363557e-06,-11.757200581287046,34.0
504,2.396462785361271,4.589420060220638e-06,-11.76762484511243,34.0
505,2.399993340155827,4.547091662939375e-06,-11.778047881720317,34.0
506,2.4035239080917514,4.5049607039426845e-06,-11.788469694678009,34.0
507,2.407054489257965,4.463026894378004e-06,-11.798890287551039,34.0
508,2.4105850837416942,4.421289940193917e-06,-11.809309663903104,34.0
509,2.4141156916284925,4.379749542215785e-06,-11.819727827295978,34.0
510,2.4176463130022614,4.338405396220663e-06,-11.830144781289444,34.0
511,2.4211769479452667,4.297257193011989e-06,-11.84056052944121,34.0
512,2.4247075965381564,4.256304618492354e-06,-11.850975075306836,34.0
513,2.4282382588599827,4.215547353736392e-06,-11.86138842243964,34.0
514,2.431768934988222,4.1749850750624975e-06,-11.871800574390647,34.0
515,2.4352996249987906,4.134617454104442e-06,-11.88221153470849,34.0
516,2.4388303289660604,4.094444157882378e-06,-11.892621306939345,34.0
517,2.4423610469628807,4.054464848872377e-06,-11.903029894626867,34.0
518,2.445891779060594,4.014679185075715e-06,-11.913437301312106,34.0
519,2.449422525329057,3.975086820086797e-06,-11.923843530533437,34.0
520,2.4529532858366565,3.935687403161412e-06,-11.934248585826499,34.0
521,2.4564840606503253,3.896480579282965e-06,-11.944652470724115,34.0
522,2.4600148498355607,3.8574659892289565e-06,-11.955055188756218,34.0
523,2.463545653423529,3.818641406075832e-06,-11.965456748851024,35.0
524,2.4670764713265125,3.7800060866395616e-06,-11.975857179765663,35.0
525,2.470607303402895,3.741578447345916e-06,-11.986256519775827,35.0
526,2.4741392249837477,3.6851995356456365e-06,-11.996658281153513,35.0
527,2.4776729711703434,3.6111678887684433e-06,-12.007064362208673,35.0
528,2.48120743885595,3.5279104672254604e-06,-12.017471203078774,35.0
529,2.4847419761137406,3.442494392476889e-06,-12.027876749465628,35.0
530,2.4882763200633122,3.3592537162716824e-06,-12.038280209807859,35.0
531,2.491810379688779,3.2804429418952967e-06,-12.04868135744619,35.0
532,2.495344139638004,3.207060832726671e-06,-12.059080207622685,35.0
533,2.4988776161299695,3.1392386423177332e-06,-12.069476869565126,35.0
534,2.5024108365654083,3.076450704410596e-06,-12.079871480193173,35.0
535,2.505943865943492,3.0175630733923977e-06,-12.090264284861991,35.0
536,2.509477240121211,2.9667175640439687e-06,-12.100656874132481,35.0
537,2.5130112100222073,2.9346514675547014e-06,-12.111049904536785,35.0
538,2.516545703811836,2.9100873836928204e-06,-12.121443152989832,35.0
539,2.5200811076023792,2.885457842083201e-06,-12.131837761897987,35.0
540,2.5236181868325906,2.856867623979565e-06,-12.142235885501297,35.0
541,2.5271569616914302,2.824869443368323e-06,-12.152637424316783,35.0
542,2.5306970774432,2.7895284109568957e-06,-12.163041245129254,35.0
543,2.5342380234248436,2.751451375312306e-06,-12.173445824881789,36.0
544,2.5377792316883987,2.7111574424094523e-06,-12.18384954516946,36.0
545,2.541320275958911,2.6701425178551505e-06,-12.194251230681855,36.0
546,2.5448609402675753,2.629613113975171e-06,-12.204650336474721,36.0
547,2.548400858335527,2.589442800268197e-06,-12.21504592120698,36.0
548,2.551939835934059,2.5496615718729805e-06,-12.225437539024208,36.0
549,2.555477860846931,2.5099279076774663e-06,-12.235825269340795,36.0
550,2.559014993856947,2.4697159305328784e-06,-12.24620939192766,36.0
551,2.5625513209784785,2.428632013610237e-06,-12.256590241064385,36.0
552,2.566086932534594,2.386520104581629e-06,-12.26696814347958,36.0
553,2.569621914459177,2.343423634503838e-06,-12.277343394627025,36.0
554,2.573156345139772,2.29950356432185e-06,-12.287716252099612,36.0
555,2.576690294695699,2.2549792423353652e-06,-12.298086936355597,36.0
